Workbook

Sheet Sheet1
A1: VEGETABLES
A2: ITEM | B2: Rate per KG | C2: 46174 | D2: 46175 | E2: 46176 | F2: 46177 | G2: 46178 | H2: 46179 | I2: 46180 | J2: 46181 | K2: 46182 | L2: 46183 | M2: 46184 | N2: 46185 | O2: 46186 | P2: 46187 | Q2: 46188 | R2: 46189 | S2: 46190 | T2: 46191 | U2: 46192 | V2: 46193 | W2: 46194 | X2: 46195 | Y2: 46196 | Z2: 46197 | AA2: 46198 | AB2: 46199 | AC2: 46200 | AD2: 46201 | AE2: 46202 | AF2: 46203 | AH2: TOTAL KG | AI2: TOTAL
A3: ONION | B3: 30 | C3: 50 | F3: 50 | H3: 99 | AH3: =SUM(C3:AF3) | AI3: =SUM(C3:AF3)*B3
A4: TOMATO | B4: 20 | C4: 20 | E4: 15 | F4: 15 | G4: 25 | H4: 15 | I4: 20 | J4: 25 | L4: 25 | AH4: =SUM(C4:AF4) | AI4: =SUM(C4:AF4)*B4
A5: AALO | B5: 15 | C5: 5 | E5: 5 | G5: 5 | H5: 5 | L5: 5 | AH5: =SUM(C5:AF5) | AI5: =SUM(C5:AF5)*B5
A6: SHIMLA | B6: 49 | C6: 3 | E6: 3 | F6: 3 | G6: 2 | H6: 2.5 | I6: 7 | J6: 5 | L6: 2 | AH6: =SUM(C6:AF6) | AI6: =SUM(C6:AF6)*B6
A7: CABBAGE | B7: 20 | C7: 2 | G7: 5 | H7: 1 | I7: 1 | J7: 2 | AH7: =SUM(C7:AF7) | AI7: =SUM(C7:AF7)*B7
A8: BEANS | B8: 120 | F8: 1 | J8: 0.5 | AH8: =SUM(C8:AF8) | AI8: =SUM(C8:AF8)*B8
A9: GAJAR | B9: 40 | C9: 0.5 | E9: 0.5 | F9: 0.5 | G9: 0.5 | H9: 0.5 | J9: 0.5 | L9: 0.5 | AH9: =SUM(C9:AF9) | AI9: =SUM(C9:AF9)*B9
A10: GARLIC | B10: 120 | C10: 2 | E10: 2 | F10: 1 | G10: 2.5 | H10: 2 | I10: 2.5 | J10: 4 | L10: 2 | AH10: =SUM(C10:AF10) | AI10: =SUM(C10:AF10)*B10
A11: GINGER | B11: 50 | C11: 1 | E11: 1 | F11: 1 | G11: 1 | H11: 1 | I11: 1 | J11: 1 | L11: 1 | AH11: =SUM(C11:AF11) | AI11: =SUM(C11:AF11)*B11
A12: DHANIYA | B12: 50 | C12: 1.5 | E12: 2 | F12: 0.5 | G12: 0.5 | I12: 0.5 | J12: 1 | L12: 0.5 | AH12: =SUM(C12:AF12) | AI12: =SUM(C12:AF12)*B12
A13: HARI MIRCH | B13: 40 | C13: 1 | E13: 1 | F13: 1.5 | G13: 1.5 | H13: 1 | I13: 1 | J13: 3 | AH13: =SUM(C13:AF13) | AI13: =SUM(C13:AF13)*B13
A14: LEMON | B14: 90 | C14: 0.5 | E14: 0.5 | F14: 0.5 | H14: 0.5 | I14: 1 | J14: 0.5 | AH14: =SUM(C14:AF14) | AI14: =SUM(C14:AF14)*B14
A15: PUDINA | B15: 80 | C15: 0.5 | F15: 0.25 | AH15: =SUM(C15:AF15) | AI15: =SUM(C15:AF15)*B15
A16: MUSHROOM | B16: 80 | C16: 2 | E16: 2 | F16: 2 | H16: 2 | I16: 2 | J16: 2 | AH16: =SUM(C16:AF16) | AI16: =SUM(C16:AF16)*B16
A17: KHEERA | B17: 30 | I17: 1 | AH17: =SUM(C17:AF17) | AI17: =SUM(C17:AF17)*B17
A18: HARA PYAZ | L18: 0.5
A20: TOTAL | AI20: =SUM(AI3:AI18)
A25: CHICKEN
A26: ITEM | B26: Rate per KG | C26: 46174 | D26: 46175 | E26: 46176 | F26: 46177 | G26: 46178 | H26: 46179 | I26: 46180 | J26: 46181 | K26: 46182 | L26: 46183 | M26: 46184 | N26: 46185 | O26: 46186 | P26: 46187 | Q26: 46188 | R26: 46189 | S26: 46190 | T26: 46191 | U26: 46192 | V26: 46193 | W26: 46194 | X26: 46195 | Y26: 46196 | Z26: 46197 | AA26: 46198 | AB26: 46199 | AC26: 46200 | AD26: 46201 | AE26: 46202 | AF26: 46203 | AI26: TOTAL
A28: TANDORI | B28: 160 | C28: 10 | E28: 10 | F28: 10 | G28: 10 | H28: 15 | I28: 10 | J28: 10 | L28: 10 | AH28: =SUM(C28:AF28) | AI28: =SUM(C28:AF28)*B28
A29: THAI | B29: 260 | C29: 5 | E29: 3 | F29: 5 | G29: 2 | H29: 7 | I29: 2 | J29: 5 | L29: 5 | AH29: =SUM(C29:AF29) | AI29: =SUM(C29:AF29)*B29
A30: TANGRI | B30: 220 | C30: 1 | F30: 1 | H30: 1 | J30: 1 | AH30: =SUM(C30:AF30) | AI30: =SUM(C30:AF30)*B30
A31: CHEST | B31: 220 | AH31: =SUM(C31:AF31) | AI31: =SUM(C31:AF31)*B31
AH32: =SUM(C32:AF32) | AI32: =SUM(C32:AF32)*B32
A34: TOTAL | AI34: =SUM(AI28:AI32)
A39: CHICKEN
A40: ITEM | B40: Rate per KG | C40: 46174 | D40: 46175 | E40: 46176 | F40: 46177 | G40: 46178 | H40: 46179 | I40: 46180 | J40: 46181 | K40: 46182 | L40: 46183 | M40: 46184 | N40: 46185 | O40: 46186 | P40: 46187 | Q40: 46188 | R40: 46189 | S40: 46190 | T40: 46191 | U40: 46192 | V40: 46193 | W40: 46194 | X40: 46195 | Y40: 46196 | Z40: 46197 | AA40: 46198 | AB40: 46199 | AC40: 46200 | AD40: 46201 | AE40: 46202 | AF40: 46203 | AI40: TOTAL
A42: PANEER | B42: 220 | C42: 3 | E42: 5 | F42: 5 | H42: 5 | I42: 2 | J42: 5 | L42: 5 | AH42: =SUM(C42:AF42) | AI42: =SUM(C42:AF42)*B42
A43: CHAAP | B43: 60 | C43: 15 | E43: 15 | F43: 10 | G43: 10 | H43: 10 | I43: 10 | J43: 15 | K43: 10 | L43: 10 | AH43: =SUM(C43:AF43) | AI43: =SUM(C43:AF43)*B43
A44: DAHI | B44: 60 | C44: 10 | E44: 10 | F44: 5 | G44: 10 | H44: 5 | I44: 10 | J44: 5 | AH44: =SUM(C44:AF44) | AI44: =SUM(C44:AF44)*B44
A45: NUTRILITE | B45: 180 | C45: 2 | E45: 2 | F45: 1 | G45: 2 | I45: 2 | J45: 2 | AH45: =SUM(C45:AF45) | AI45: =SUM(C45:AF45)*B45
A46: NOODLES | B46: 45 | C46: 2 | G46: 2 | AH46: =SUM(C46:AF46) | AI46: =SUM(C46:AF46)*B46
A47: MILK | B47: 60 | C47: 2 | E47: 2 | F47: 2 | G47: 2 | H47: 2 | I47: 2 | J47: 2 | L47: 2 | AH47: =SUM(C47:AF47) | AI47: =SUM(C47:AF47)*B47
A48: MATAR | AH48: =SUM(C48:AF48) | AI48: =SUM(C48:AF48)*B48
A50: TOTAL | AI50: =SUM(AI42:AI48)
A56: RASHAN
A57: ITEM | B57: Rate per KG | C57: 46174 | D57: 46175 | E57: 46176 | F57: 46177 | G57: 46178 | H57: 46179 | I57: 46180 | J57: 46181 | K57: 46182 | L57: 46183 | M57: 46184 | N57: 46185 | O57: 46186 | P57: 46187 | Q57: 46188 | R57: 46189 | S57: 46190 | T57: 46191 | U57: 46192 | V57: 46193 | W57: 46194 | X57: 46195 | Y57: 46196 | Z57: 46197 | AA57: 46198 | AB57: 46199 | AC57: 46200 | AD57: 46201 | AE57: 46202 | AF57: 46203 | AH57: TOTAL KG | AI57: TOTAL
A58: REFINED | B58: 1610 | C58: 1 | E58: 1 | G58: 1 | H58: 1 | I58: 1 | AH58: =SUM(C58:AF58) | AI58: =SUM(C58:AF58)*B58
A59: KAJU | B59: 662 | E59: 1 | F59: 1 | H59: 2 | I59: 1 | AH59: =SUM(C59:AF59) | AI59: =SUM(C59:AF59)*B59
A60: MAGAZ | B60: 615 | F60: 1 | L60: 1 | AH60: =SUM(C60:AF60) | AI60: =SUM(C60:AF60)*B60
A61: AATA | B61: 1086 | C61: 1 | I61: 1 | AH61: =SUM(C61:AF61) | AI61: =SUM(C61:AF61)*B61
A62: MAIDA | B62: 1100 | E62: 1 | I62: 1 | AH62: =SUM(C62:AF62) | AI62: =SUM(C62:AF62)*B62
A63: CREAM | B63: 240 | D63: 4 | E63: 6 | F63: 4 | G63: 5 | H63: 6 | I63: 6 | J63: 5 | K63: 4 | AH63: =SUM(C63:AF63) | AI63: =SUM(C63:AF63)*B63
A64: DESI GHEE | B64: 560 | G64: 1 | L64: 1 | AH64: =SUM(C64:AF64) | AI64: =SUM(C64:AF64)*B64
A65: MUSTURD OIL | B65: 190 | C65: 1 | F65: 1 | H65: 1 | I65: 1 | AH65: =SUM(C65:AF65) | AI65: =SUM(C65:AF65)*B65
A66: TATA SALT | B66: 29 | E66: 5 | H66: 5 | I66: 5 | AH66: =SUM(C66:AF66) | AI66: =SUM(C66:AF66)*B66
A67: T KETCHUP | B67: 249 | I67: 1 | AH67: =SUM(C67:AF67) | AI67: =SUM(C67:AF67)*B67
A68: G C SAUCE | B68: 186 | I68: 1 | AH68: =SUM(C68:AF68) | AI68: =SUM(C68:AF68)*B68
A69: SOYA SAUCE | B69: 219 | C69: 1 | AH69: =SUM(C69:AF69) | AI69: =SUM(C69:AF69)*B69
A70: VINEGAR | B70: 214 | E70: 1 | L70: 1 | AH70: =SUM(C70:AF70) | AI70: =SUM(C70:AF70)*B70
A71: AJINOMOTO | AH71: =SUM(C71:AF71) | AI71: =SUM(C71:AF71)*B71
A72: MYONESE | B72: 185 | C72: 2 | L72: 2 | AH72: =SUM(C72:AF72) | AI72: =SUM(C72:AF72)*B72
A73: CORN FLOUR | B73: 315 | E73: 1 | L73: 1 | AH73: =SUM(C73:AF73) | AI73: =SUM(C73:AF73)*B73
A74: BREAD CRUMBS | B74: 130 | I74: 1 | AH74: =SUM(C74:AF74) | AI74: =SUM(C74:AF74)*B74
A75: BESAN | AH75: =SUM(C75:AF75) | AI75: =SUM(C75:AF75)*B75
A76: URAD DAL | B76: 591 | F76: 1 | AH76: =SUM(C76:AF76) | AI76: =SUM(C76:AF76)*B76
A77: RAJMA | B77: 586 | F77: 1 | AH77: =SUM(C77:AF77) | AI77: =SUM(C77:AF77)*B77
A78: CHANA DAL | B78: 466 | F78: 1 | AH78: =SUM(C78:AF78) | AI78: =SUM(C78:AF78)*B78
A79: ARHAR DAL | AH79: =SUM(C79:AF79) | AI79: =SUM(C79:AF79)*B79
A80: MIX DAL | B80: 536 | L80: 1 | AH80: =SUM(C80:AF80) | AI80: =SUM(C80:AF80)*B80
A81: STAFF RICE | AH81: =SUM(C81:AF81) | AI81: =SUM(C81:AF81)*B81
A82: SELLA RICE | B82: 115 | E82: 3 | I82: 4 | AH82: =SUM(C82:AF82) | AI82: =SUM(C82:AF82)*B82
A83: BLACK SALT | B83: 79 | E83: 1 | AH83: =SUM(C83:AF83) | AI83: =SUM(C83:AF83)*B83
A84: AMCHUR | B84: 229 | E84: 1 | AH84: =SUM(C84:AF84) | AI84: =SUM(C84:AF84)*B84
A85: KALI MIRCH | B85: 850 | E85: 0.5 | AH85: =SUM(C85:AF85) | AI85: =SUM(C85:AF85)*B85
A86: JAVITRI | AH86: =SUM(C86:AF86) | AI86: =SUM(C86:AF86)*B86
A87: BADDI ELACHI | AH87: =SUM(C87:AF87) | AI87: =SUM(C87:AF87)*B87
A88: LAUNG | AH88: =SUM(C88:AF88) | AI88: =SUM(C88:AF88)*B88
A89: DAL CHINI | AH89: =SUM(C89:AF89) | AI89: =SUM(C89:AF89)*B89
A90: JEERA | B90: 280 | C90: 1 | I90: 1 | AH90: =SUM(C90:AF90) | AI90: =SUM(C90:AF90)*B90
A91: JAIFAL | AH91: =SUM(C91:AF91) | AI91: =SUM(C91:AF91)*B91
A92: STAR FOOL | AH92: =SUM(C92:AF92) | AI92: =SUM(C92:AF92)*B92
A93: RED COLOUR | B93: 80 | E93: 2 | H93: 1 | I93: 1 | AH93: =SUM(C93:AF93) | AI93: =SUM(C93:AF93)*B93
A94: AMUL BUTTER | B94: 285 | C94: 1 | E94: 1 | G94: 1 | I94: 1 | AH94: =SUM(C94:AF94) | AI94: =SUM(C94:AF94)*B94
A95: LOLLYPOP | B95: 475 | C95: 1 | G95: 1 | I95: 1 | AH95: =SUM(C95:AF95) | AI95: =SUM(C95:AF95)*B95
A96: SURF | B96: 151 | C96: 2 | E96: 1 | F96: 1 | I96: 1 | AH96: =SUM(C96:AF96) | AI96: =SUM(C96:AF96)*B96
A97: SUGAR | AH97: =SUM(C97:AF97) | AI97: =SUM(C97:AF97)*B97
A98: TEA | B98: 220 | I98: 1 | AH98: =SUM(C98:AF98) | AI98: =SUM(C98:AF98)*B98
A99: KASTURI METHI | B99: 125 | L99: 2
A100: SAUNF | B100: 39 | L100: 10
A101: EXTRA DAILY | C101: 398 | F101: 700 | H101: 1483 | I101: 516 | J101: 289 | AH101: =SUM(C101:AF101) | AI101: =SUM(C101:AF101)*B101
A104: TOTAL | AI104: =SUM(AI58:AI101)
A106: DISPOSAL
A107: ITEM | B107: Rate per KG | C107: 46174 | D107: 46175 | E107: 46176 | F107: 46177 | G107: 46178 | H107: 46179 | I107: 46180 | J107: 46181 | K107: 46182 | L107: 46183 | M107: 46184 | N107: 46185 | O107: 46186 | P107: 46187 | Q107: 46188 | R107: 46189 | S107: 46190 | T107: 46191 | U107: 46192 | V107: 46193 | W107: 46194 | X107: 46195 | Y107: 46196 | Z107: 46197 | AA107: 46198 | AB107: 46199 | AC107: 46200 | AD107: 46201 | AE107: 46202 | AF107: 46203 | AH107: TOTAL KG | AI107: TOTAL
AH108: =SUM(C108:AF108) | AI108: =SUM(C108:AF108)*B108
A109: SILVER FOIL | B109: 500 | M109: 1 | AH109: =SUM(C109:AF109) | AI109: =SUM(C109:AF109)*B109
A110: CLING WRAPE | B110: 400 | M110: 1 | AH110: =SUM(C110:AF110) | AI110: =SUM(C110:AF110)*B110
A111: PAPER PLATE | B111: 7 | M111: 20 | AH111: =SUM(C111:AF111) | AI111: =SUM(C111:AF111)*B111
A112: DONA | B112: 5 | M112: 20 | AH112: =SUM(C112:AF112) | AI112: =SUM(C112:AF112)*B112
A113: FORK | B113: 50 | M113: 5 | AH113: =SUM(C113:AF113) | AI113: =SUM(C113:AF113)*B113
A114: SPOON | B114: 50 | M114: 3 | AH114: =SUM(C114:AF114) | AI114: =SUM(C114:AF114)*B114
A115: 35 ML DIP | B115: 40 | M115: 3 | AH115: =SUM(C115:AF115) | AI115: =SUM(C115:AF115)*B115
A116: FRUIT STICK | B116: 20 | M116: 5 | AH116: =SUM(C116:AF116) | AI116: =SUM(C116:AF116)*B116
A117: GARBAGE | B117: 120 | M117: 3 | AH117: =SUM(C117:AF117) | AI117: =SUM(C117:AF117)*B117
A118: 13*16 POLLY | B118: 40 | M118: 2 | AH118: =SUM(C118:AF118) | AI118: =SUM(C118:AF118)*B118
A119: BROWN LIFAFA | AH119: =SUM(C119:AF119) | AI119: =SUM(C119:AF119)*B119
A120: TEA CUP | B120: 40 | M120: 2 | AH120: =SUM(C120:AF120) | AI120: =SUM(C120:AF120)*B120
A121: WATER GLASS | B121: 40 | M121: 10 | AH121: =SUM(C121:AF121) | AI121: =SUM(C121:AF121)*B121
...

Sheet Sheet2
A1: RDC STOCK MANAGEMENT DASHBOARD
A2: Month: June 2026 Period: 01 Jun – 30 Jun 2026 | E2: Updated: 10-Jun-2026
A4: MONTHLY EXPENSE SUMMARY
A5: # | B5: CATEGORY | C5: TOTAL AMOUNT (Rs.) | D5: % OF TOTAL
A6: 1 | B6: VEGETABLES | C6: =Sheet1!AI20 | D6: =IFERROR(E6/=SUM(E6:E10)*100,0)
A7: 2 | B7: CHICKEN (Raw) | C7: =Sheet1!AI34 | D7: =IFERROR(E7/=SUM(E6:E10)*100,0)
A8: 3 | B8: PANEER & DAIRY | C8: =Sheet1!AI50 | D8: =IFERROR(E8/=SUM(E6:E10)*100,0)
A9: 4 | B9: RASHAN | C9: =Sheet1!AI104 | D9: =IFERROR(E9/=SUM(E6:E10)*100,0)
A10: 5 | B10: DISPOSAL | C10: =Sheet1!AI136 | D10: =IFERROR(E10/=SUM(E6:E10)*100,0)
B11: GRAND TOTAL | C11: =SUM(E6:E10) | D11: 100.0%
A13: VEGETABLES
A14: # | B14: ITEM NAME | C14: RATE / KG (Rs.) | D14: TOTAL QTY (KG/Unit) | E14: TOTAL AMOUNT (Rs.) | F14: % SHARE
A15: 1 | B15: =Sheet1!A3 | C15: =IF(ISNUMBER(Sheet1!B3),Sheet1!B3,"") | D15: =IF(ISNUMBER(Sheet1!AH3),Sheet1!AH3,"") | E15: =IF(ISNUMBER(Sheet1!AI3),Sheet1!AI3,"") | F15: =IFERROR(IF(ISNUMBER(Sheet1!AI3),Sheet1!AI3,0)/Sheet1!AI20*100,0)
A16: 2 | B16: =Sheet1!A4 | C16: =IF(ISNUMBER(Sheet1!B4),Sheet1!B4,"") | D16: =IF(ISNUMBER(Sheet1!AH4),Sheet1!AH4,"") | E16: =IF(ISNUMBER(Sheet1!AI4),Sheet1!AI4,"") | F16: =IFERROR(IF(ISNUMBER(Sheet1!AI4),Sheet1!AI4,0)/Sheet1!AI20*100,0)
A17: 3 | B17: =Sheet1!A5 | C17: =IF(ISNUMBER(Sheet1!B5),Sheet1!B5,"") | D17: =IF(ISNUMBER(Sheet1!AH5),Sheet1!AH5,"") | E17: =IF(ISNUMBER(Sheet1!AI5),Sheet1!AI5,"") | F17: =IFERROR(IF(ISNUMBER(Sheet1!AI5),Sheet1!AI5,0)/Sheet1!AI20*100,0)
A18: 4 | B18: =Sheet1!A6 | C18: =IF(ISNUMBER(Sheet1!B6),Sheet1!B6,"") | D18: =IF(ISNUMBER(Sheet1!AH6),Sheet1!AH6,"") | E18: =IF(ISNUMBER(Sheet1!AI6),Sheet1!AI6,"") | F18: =IFERROR(IF(ISNUMBER(Sheet1!AI6),Sheet1!AI6,0)/Sheet1!AI20*100,0)
A19: 5 | B19: =Sheet1!A7 | C19: =IF(ISNUMBER(Sheet1!B7),Sheet1!B7,"") | D19: =IF(ISNUMBER(Sheet1!AH7),Sheet1!AH7,"") | E19: =IF(ISNUMBER(Sheet1!AI7),Sheet1!AI7,"") | F19: =IFERROR(IF(ISNUMBER(Sheet1!AI7),Sheet1!AI7,0)/Sheet1!AI20*100,0)
A20: 6 | B20: =Sheet1!A8 | C20: =IF(ISNUMBER(Sheet1!B8),Sheet1!B8,"") | D20: =IF(ISNUMBER(Sheet1!AH8),Sheet1!AH8,"") | E20: =IF(ISNUMBER(Sheet1!AI8),Sheet1!AI8,"") | F20: =IFERROR(IF(ISNUMBER(Sheet1!AI8),Sheet1!AI8,0)/Sheet1!AI20*100,0)
A21: 7 | B21: =Sheet1!A9 | C21: =IF(ISNUMBER(Sheet1!B9),Sheet1!B9,"") | D21: =IF(ISNUMBER(Sheet1!AH9),Sheet1!AH9,"") | E21: =IF(ISNUMBER(Sheet1!AI9),Sheet1!AI9,"") | F21: =IFERROR(IF(ISNUMBER(Sheet1!AI9),Sheet1!AI9,0)/Sheet1!AI20*100,0)
A22: 8 | B22: =Sheet1!A10 | C22: =IF(ISNUMBER(Sheet1!B10),Sheet1!B10,"") | D22: =IF(ISNUMBER(Sheet1!AH10),Sheet1!AH10,"") | E22: =IF(ISNUMBER(Sheet1!AI10),Sheet1!AI10,"") | F22: =IFERROR(IF(ISNUMBER(Sheet1!AI10),Sheet1!AI10,0)/Sheet1!AI20*100,0)
A23: 9 | B23: =Sheet1!A11 | C23: =IF(ISNUMBER(Sheet1!B11),Sheet1!B11,"") | D23: =IF(ISNUMBER(Sheet1!AH11),Sheet1!AH11,"") | E23: =IF(ISNUMBER(Sheet1!AI11),Sheet1!AI11,"") | F23: =IFERROR(IF(ISNUMBER(Sheet1!AI11),Sheet1!AI11,0)/Sheet1!AI20*100,0)
A24: 10 | B24: =Sheet1!A12 | C24: =IF(ISNUMBER(Sheet1!B12),Sheet1!B12,"") | D24: =IF(ISNUMBER(Sheet1!AH12),Sheet1!AH12,"") | E24: =IF(ISNUMBER(Sheet1!AI12),Sheet1!AI12,"") | F24: =IFERROR(IF(ISNUMBER(Sheet1!AI12),Sheet1!AI12,0)/Sheet1!AI20*100,0)
A25: 11 | B25: =Sheet1!A13 | C25: =IF(ISNUMBER(Sheet1!B13),Sheet1!B13,"") | D25: =IF(ISNUMBER(Sheet1!AH13),Sheet1!AH13,"") | E25: =IF(ISNUMBER(Sheet1!AI13),Sheet1!AI13,"") | F25: =IFERROR(IF(ISNUMBER(Sheet1!AI13),Sheet1!AI13,0)/Sheet1!AI20*100,0)
A26: 12 | B26: =Sheet1!A14 | C26: =IF(ISNUMBER(Sheet1!B14),Sheet1!B14,"") | D26: =IF(ISNUMBER(Sheet1!AH14),Sheet1!AH14,"") | E26: =IF(ISNUMBER(Sheet1!AI14),Sheet1!AI14,"") | F26: =IFERROR(IF(ISNUMBER(Sheet1!AI14),Sheet1!AI14,0)/Sheet1!AI20*100,0)
A27: 13 | B27: =Sheet1!A15 | C27: =IF(ISNUMBER(Sheet1!B15),Sheet1!B15,"") | D27: =IF(ISNUMBER(Sheet1!AH15),Sheet1!AH15,"") | E27: =IF(ISNUMBER(Sheet1!AI15),Sheet1!AI15,"") | F27: =IFERROR(IF(ISNUMBER(Sheet1!AI15),Sheet1!AI15,0)/Sheet1!AI20*100,0)
A28: 14 | B28: =Sheet1!A16 | C28: =IF(ISNUMBER(Sheet1!B16),Sheet1!B16,"") | D28: =IF(ISNUMBER(Sheet1!AH16),Sheet1!AH16,"") | E28: =IF(ISNUMBER(Sheet1!AI16),Sheet1!AI16,"") | F28: =IFERROR(IF(ISNUMBER(Sheet1!AI16),Sheet1!AI16,0)/Sheet1!AI20*100,0)
A29: 15 | B29: =Sheet1!A17 | C29: =IF(ISNUMBER(Sheet1!B17),Sheet1!B17,"") | D29: =IF(ISNUMBER(Sheet1!AH17),Sheet1!AH17,"") | E29: =IF(ISNUMBER(Sheet1!AI17),Sheet1!AI17,"") | F29: =IFERROR(IF(ISNUMBER(Sheet1!AI17),Sheet1!AI17,0)/Sheet1!AI20*100,0)
A30: 16 | B30: =Sheet1!A18 | C30: =IF(ISNUMBER(Sheet1!B18),Sheet1!B18,"") | D30: =IF(ISNUMBER(Sheet1!AH18),Sheet1!AH18,"") | E30: =IF(ISNUMBER(Sheet1!AI18),Sheet1!AI18,"") | F30: =IFERROR(IF(ISNUMBER(Sheet1!AI18),Sheet1!AI18,0)/Sheet1!AI20*100,0)
B31: SECTION TOTAL | E31: =Sheet1!AI20 | F31: 100.0%
A33: CHICKEN (Raw)
A34: # | B34: ITEM NAME | C34: RATE / KG (Rs.) | D34: TOTAL QTY (KG/Unit) | E34: TOTAL AMOUNT (Rs.) | F34: % SHARE
A35: 1 | B35: =Sheet1!A28 | C35: =IF(ISNUMBER(Sheet1!B28),Sheet1!B28,"") | D35: =IF(ISNUMBER(Sheet1!AH28),Sheet1!AH28,"") | E35: =IF(ISNUMBER(Sheet1!AI28),Sheet1!AI28,"") | F35: =IFERROR(IF(ISNUMBER(Sheet1!AI28),Sheet1!AI28,0)/Sheet1!AI34*100,0)
A36: 2 | B36: =Sheet1!A29 | C36: =IF(ISNUMBER(Sheet1!B29),Sheet1!B29,"") | D36: =IF(ISNUMBER(Sheet1!AH29),Sheet1!AH29,"") | E36: =IF(ISNUMBER(Sheet1!AI29),Sheet1!AI29,"") | F36: =IFERROR(IF(ISNUMBER(Sheet1!AI29),Sheet1!AI29,0)/Sheet1!AI34*100,0)
A37: 3 | B37: =Sheet1!A30 | C37: =IF(ISNUMBER(Sheet1!B30),Sheet1!B30,"") | D37: =IF(ISNUMBER(Sheet1!AH30),Sheet1!AH30,"") | E37: =IF(ISNUMBER(Sheet1!AI30),Sheet1!AI30,"") | F37: =IFERROR(IF(ISNUMBER(Sheet1!AI30),Sheet1!AI30,0)/Sheet1!AI34*100,0)
A38: 4 | B38: =Sheet1!A31 | C38: =IF(ISNUMBER(Sheet1!B31),Sheet1!B31,"") | D38: =IF(ISNUMBER(Sheet1!AH31),Sheet1!AH31,"") | E38: =IF(ISNUMBER(Sheet1!AI31),Sheet1!AI31,"") | F38: =IFERROR(IF(ISNUMBER(Sheet1!AI31),Sheet1!AI31,0)/Sheet1!AI34*100,0)
B39: SECTION TOTAL | E39: =Sheet1!AI34 | F39: 100.0%
A41: PANEER & DAIRY
A42: # | B42: ITEM NAME | C42: RATE / KG (Rs.) | D42: TOTAL QTY (KG/Unit) | E42: TOTAL AMOUNT (Rs.) | F42: % SHARE
A43: 1 | B43: =Sheet1!A42 | C43: =IF(ISNUMBER(Sheet1!B42),Sheet1!B42,"") | D43: =IF(ISNUMBER(Sheet1!AH42),Sheet1!AH42,"") | E43: =IF(ISNUMBER(Sheet1!AI42),Sheet1!AI42,"") | F43: =IFERROR(IF(ISNUMBER(Sheet1!AI42),Sheet1!AI42,0)/Sheet1!AI50*100,0)
A44: 2 | B44: =Sheet1!A43 | C44: =IF(ISNUMBER(Sheet1!B43),Sheet1!B43,"") | D44: =IF(ISNUMBER(Sheet1!AH43),Sheet1!AH43,"") | E44: =IF(ISNUMBER(Sheet1!AI43),Sheet1!AI43,"") | F44: =IFERROR(IF(ISNUMBER(Sheet1!AI43),Sheet1!AI43,0)/Sheet1!AI50*100,0)
A45: 3 | B45: =Sheet1!A44 | C45: =IF(ISNUMBER(Sheet1!B44),Sheet1!B44,"") | D45: =IF(ISNUMBER(Sheet1!AH44),Sheet1!AH44,"") | E45: =IF(ISNUMBER(Sheet1!AI44),Sheet1!AI44,"") | F45: =IFERROR(IF(ISNUMBER(Sheet1!AI44),Sheet1!AI44,0)/Sheet1!AI50*100,0)
A46: 4 | B46: =Sheet1!A45 | C46: =IF(ISNUMBER(Sheet1!B45),Sheet1!B45,"") | D46: =IF(ISNUMBER(Sheet1!AH45),Sheet1!AH45,"") | E46: =IF(ISNUMBER(Sheet1!AI45),Sheet1!AI45,"") | F46: =IFERROR(IF(ISNUMBER(Sheet1!AI45),Sheet1!AI45,0)/Sheet1!AI50*100,0)
A47: 5 | B47: =Sheet1!A46 | C47: =IF(ISNUMBER(Sheet1!B46),Sheet1!B46,"") | D47: =IF(ISNUMBER(Sheet1!AH46),Sheet1!AH46,"") | E47: =IF(ISNUMBER(Sheet1!AI46),Sheet1!AI46,"") | F47: =IFERROR(IF(ISNUMBER(Sheet1!AI46),Sheet1!AI46,0)/Sheet1!AI50*100,0)
A48: 6 | B48: =Sheet1!A47 | C48: =IF(ISNUMBER(Sheet1!B47),Sheet1!B47,"") | D48: =IF(ISNUMBER(Sheet1!AH47),Sheet1!AH47,"") | E48: =IF(ISNUMBER(Sheet1!AI47),Sheet1!AI47,"") | F48: =IFERROR(IF(ISNUMBER(Sheet1!AI47),Sheet1!AI47,0)/Sheet1!AI50*100,0)
A49: 7 | B49: =Sheet1!A48 | C49: =IF(ISNUMBER(Sheet1!B48),Sheet1!B48,"") | D49: =IF(ISNUMBER(Sheet1!AH48),Sheet1!AH48,"") | E49: =IF(ISNUMBER(Sheet1!AI48),Sheet1!AI48,"") | F49: =IFERROR(IF(ISNUMBER(Sheet1!AI48),Sheet1!AI48,0)/Sheet1!AI50*100,0)
B50: SECTION TOTAL | E50: =Sheet1!AI50 | F50: 100.0%
A52: RASHAN (Dry Goods & Kitchen Supplies)
A53: # | B53: ITEM NAME | C53: RATE / KG (Rs.) | D53: TOTAL QTY (KG/Unit) | E53: TOTAL AMOUNT (Rs.) | F53: % SHARE
A54: 1 | B54: =Sheet1!A58 | C54: =IF(ISNUMBER(Sheet1!B58),Sheet1!B58,"") | D54: =IF(ISNUMBER(Sheet1!AH58),Sheet1!AH58,"") | E54: =IF(ISNUMBER(Sheet1!AI58),Sheet1!AI58,"") | F54: =IFERROR(IF(ISNUMBER(Sheet1!AI58),Sheet1!AI58,0)/Sheet1!AI104*100,0)
A55: 2 | B55: =Sheet1!A59 | C55: =IF(ISNUMBER(Sheet1!B59),Sheet1!B59,"") | D55: =IF(ISNUMBER(Sheet1!AH59),Sheet1!AH59,"") | E55: =IF(ISNUMBER(Sheet1!AI59),Sheet1!AI59,"") | F55: =IFERROR(IF(ISNUMBER(Sheet1!AI59),Sheet1!AI59,0)/Sheet1!AI104*100,0)
A56: 3 | B56: =Sheet1!A60 | C56: =IF(ISNUMBER(Sheet1!B60),Sheet1!B60,"") | D56: =IF(ISNUMBER(Sheet1!AH60),Sheet1!AH60,"") | E56: =IF(ISNUMBER(Sheet1!AI60),Sheet1!AI60,"") | F56: =IFERROR(IF(ISNUMBER(Sheet1!AI60),Sheet1!AI60,0)/Sheet1!AI104*100,0)
A57: 4 | B57: =Sheet1!A61 | C57: =IF(ISNUMBER(Sheet1!B61),Sheet1!B61,"") | D57: =IF(ISNUMBER(Sheet1!AH61),Sheet1!AH61,"") | E57: =IF(ISNUMBER(Sheet1!AI61),Sheet1!AI61,"") | F57: =IFERROR(IF(ISNUMBER(Sheet1!AI61),Sheet1!AI61,0)/Sheet1!AI104*100,0)
A58: 5 | B58: =Sheet1!A62 | C58: =IF(ISNUMBER(Sheet1!B62),Sheet1!B62,"") | D58: =IF(ISNUMBER(Sheet1!AH62),Sheet1!AH62,"") | E58: =IF(ISNUMBER(Sheet1!AI62),Sheet1!AI62,"") | F58: =IFERROR(IF(ISNUMBER(Sheet1!AI62),Sheet1!AI62,0)/Sheet1!AI104*100,0)
A59: 6 | B59: =Sheet1!A63 | C59: =IF(ISNUMBER(Sheet1!B63),Sheet1!B63,"") | D59: =IF(ISNUMBER(Sheet1!AH63),Sheet1!AH63,"") | E59: =IF(ISNUMBER(Sheet1!AI63),Sheet1!AI63,"") | F59: =IFERROR(IF(ISNUMBER(Sheet1!AI63),Sheet1!AI63,0)/Sheet1!AI104*100,0)
A60: 7 | B60: =Sheet1!A64 | C60: =IF(ISNUMBER(Sheet1!B64),Sheet1!B64,"") | D60: =IF(ISNUMBER(Sheet1!AH64),Sheet1!AH64,"") | E60: =IF(ISNUMBER(Sheet1!AI64),Sheet1!AI64,"") | F60: =IFERROR(IF(ISNUMBER(Sheet1!AI64),Sheet1!AI64,0)/Sheet1!AI104*100,0)
A61: 8 | B61: =Sheet1!A65 | C61: =IF(ISNUMBER(Sheet1!B65),Sheet1!B65,"") | D61: =IF(ISNUMBER(Sheet1!AH65),Sheet1!AH65,"") | E61: =IF(ISNUMBER(Sheet1!AI65),Sheet1!AI65,"") | F61: =IFERROR(IF(ISNUMBER(Sheet1!AI65),Sheet1!AI65,0)/Sheet1!AI104*100,0)
A62: 9 | B62: =Sheet1!A66 | C62: =IF(ISNUMBER(Sheet1!B66),Sheet1!B66,"") | D62: =IF(ISNUMBER(Sheet1!AH66),Sheet1!AH66,"") | E62: =IF(ISNUMBER(Sheet1!AI66),Sheet1!AI66,"") | F62: =IFERROR(IF(ISNUMBER(Sheet1!AI66),Sheet1!AI66,0)/Sheet1!AI104*100,0)
A63: 10 | B63: =Sheet1!A67 | C63: =IF(ISNUMBER(Sheet1!B67),Sheet1!B67,"") | D63: =IF(ISNUMBER(Sheet1!AH67),Sheet1!AH67,"") | E63: =IF(ISNUMBER(Sheet1!AI67),Sheet1!AI67,"") | F63: =IFERROR(IF(ISNUMBER(Sheet1!AI67),Sheet1!AI67,0)/Sheet1!AI104*100,0)
A64: 11 | B64: =Sheet1!A68 | C64: =IF(ISNUMBER(Sheet1!B68),Sheet1!B68,"") | D64: =IF(ISNUMBER(Sheet1!AH68),Sheet1!AH68,"") | E64: =IF(ISNUMBER(Sheet1!AI68),Sheet1!AI68,"") | F64: =IFERROR(IF(ISNUMBER(Sheet1!AI68),Sheet1!AI68,0)/Sheet1!AI104*100,0)
A65: 12 | B65: =Sheet1!A69 | C65: =IF(ISNUMBER(Sheet1!B69),Sheet1!B69,"") | D65: =IF(ISNUMBER(Sheet1!AH69),Sheet1!AH69,"") | E65: =IF(ISNUMBER(Sheet1!AI69),Sheet1!AI69,"") | F65: =IFERROR(IF(ISNUMBER(Sheet1!AI69),Sheet1!AI69,0)/Sheet1!AI104*100,0)
A66: 13 | B66: =Sheet1!A70 | C66: =IF(ISNUMBER(Sheet1!B70),Sheet1!B70,"") | D66: =IF(ISNUMBER(Sheet1!AH70),Sheet1!AH70,"") | E66: =IF(ISNUMBER(Sheet1!AI70),Sheet1!AI70,"") | F66: =IFERROR(IF(ISNUMBER(Sheet1!AI70),Sheet1!AI70,0)/Sheet1!AI104*100,0)
A67: 14 | B67: =Sheet1!A71 | C67: =IF(ISNUMBER(Sheet1!B71),Sheet1!B71,"") | D67: =IF(ISNUMBER(Sheet1!AH71),Sheet1!AH71,"") | E67: =IF(ISNUMBER(Sheet1!AI71),Sheet1!AI71,"") | F67: =IFERROR(IF(ISNUMBER(Sheet1!AI71),Sheet1!AI71,0)/Sheet1!AI104*100,0)
A68: 15 | B68: =Sheet1!A72 | C68: =IF(ISNUMBER(Sheet1!B72),Sheet1!B72,"") | D68: =IF(ISNUMBER(Sheet1!AH72),Sheet1!AH72,"") | E68: =IF(ISNUMBER(Sheet1!AI72),Sheet1!AI72,"") | F68: =IFERROR(IF(ISNUMBER(Sheet1!AI72),Sheet1!AI72,0)/Sheet1!AI104*100,0)
A69: 16 | B69: =Sheet1!A73 | C69: =IF(ISNUMBER(Sheet1!B73),Sheet1!B73,"") | D69: =IF(ISNUMBER(Sheet1!AH73),Sheet1!AH73,"") | E69: =IF(ISNUMBER(Sheet1!AI73),Sheet1!AI73,"") | F69: =IFERROR(IF(ISNUMBER(Sheet1!AI73),Sheet1!AI73,0)/Sheet1!AI104*100,0)
A70: 17 | B70: =Sheet1!A74 | C70: =IF(ISNUMBER(Sheet1!B74),Sheet1!B74,"") | D70: =IF(ISNUMBER(Sheet1!AH74),Sheet1!AH74,"") | E70: =IF(ISNUMBER(Sheet1!AI74),Sheet1!AI74,"") | F70: =IFERROR(IF(ISNUMBER(Sheet1!AI74),Sheet1!AI74,0)/Sheet1!AI104*100,0)
A71: 18 | B71: =Sheet1!A75 | C71: =IF(ISNUMBER(Sheet1!B75),Sheet1!B75,"") | D71: =IF(ISNUMBER(Sheet1!AH75),Sheet1!AH75,"") | E71: =IF(ISNUMBER(Sheet1!AI75),Sheet1!AI75,"") | F71: =IFERROR(IF(ISNUMBER(Sheet1!AI75),Sheet1!AI75,0)/Sheet1!AI104*100,0)
A72: 19 | B72: =Sheet1!A76 | C72: =IF(ISNUMBER(Sheet1!B76),Sheet1!B76,"") | D72: =IF(ISNUMBER(Sheet1!AH76),Sheet1!AH76,"") | E72: =IF(ISNUMBER(Sheet1!AI76),Sheet1!AI76,"") | F72: =IFERROR(IF(ISNUMBER(Sheet1!AI76),Sheet1!AI76,0)/Sheet1!AI104*100,0)
A73: 20 | B73: =Sheet1!A77 | C73: =IF(ISNUMBER(Sheet1!B77),Sheet1!B77,"") | D73: =IF(ISNUMBER(Sheet1!AH77),Sheet1!AH77,"") | E73: =IF(ISNUMBER(Sheet1!AI77),Sheet1!AI77,"") | F73: =IFERROR(IF(ISNUMBER(Sheet1!AI77),Sheet1!AI77,0)/Sheet1!AI104*100,0)
A74: 21 | B74: =Sheet1!A78 | C74: =IF(ISNUMBER(Sheet1!B78),Sheet1!B78,"") | D74: =IF(ISNUMBER(Sheet1!AH78),Sheet1!AH78,"") | E74: =IF(ISNUMBER(Sheet1!AI78),Sheet1!AI78,"") | F74: =IFERROR(IF(ISNUMBER(Sheet1!AI78),Sheet1!AI78,0)/Sheet1!AI104*100,0)
A75: 22 | B75: =Sheet1!A79 | C75: =IF(ISNUMBER(Sheet1!B79),Sheet1!B79,"") | D75: =IF(ISNUMBER(Sheet1!AH79),Sheet1!AH79,"") | E75: =IF(ISNUMBER(Sheet1!AI79),Sheet1!AI79,"") | F75: =IFERROR(IF(ISNUMBER(Sheet1!AI79),Sheet1!AI79,0)/Sheet1!AI104*100,0)
A76: 23 | B76: =Sheet1!A80 | C76: =IF(ISNUMBER(Sheet1!B80),Sheet1!B80,"") | D76: =IF(ISNUMBER(Sheet1!AH80),Sheet1!AH80,"") | E76: =IF(ISNUMBER(Sheet1!AI80),Sheet1!AI80,"") | F76: =IFERROR(IF(ISNUMBER(Sheet1!AI80),Sheet1!AI80,0)/Sheet1!AI104*100,0)
A77: 24 | B77: =Sheet1!A81 | C77: =IF(ISNUMBER(Sheet1!B81),Sheet1!B81,"") | D77: =IF(ISNUMBER(Sheet1!AH81),Sheet1!AH81,"") | E77: =IF(ISNUMBER(Sheet1!AI81),Sheet1!AI81,"") | F77: =IFERROR(IF(ISNUMBER(Sheet1!AI81),Sheet1!AI81,0)/Sheet1!AI104*100,0)
A78: 25 | B78: =Sheet1!A82 | C78: =IF(ISNUMBER(Sheet1!B82),Sheet1!B82,"") | D78: =IF(ISNUMBER(Sheet1!AH82),Sheet1!AH82,"") | E78: =IF(ISNUMBER(Sheet1!AI82),Sheet1!AI82,"") | F78: =IFERROR(IF(ISNUMBER(Sheet1!AI82),Sheet1!AI82,0)/Sheet1!AI104*100,0)
A79: 26 | B79: =Sheet1!A83 | C79: =IF(ISNUMBER(Sheet1!B83),Sheet1!B83,"") | D79: =IF(ISNUMBER(Sheet1!AH83),Sheet1!AH83,"") | E79: =IF(ISNUMBER(Sheet1!AI83),Sheet1!AI83,"") | F79: =IFERROR(IF(ISNUMBER(Sheet1!AI83),Sheet1!AI83,0)/Sheet1!AI104*100,0)
A80: 27 | B80: =Sheet1!A84 | C80: =IF(ISNUMBER(Sheet1!B84),Sheet1!B84,"") | D80: =IF(ISNUMBER(Sheet1!AH84),Sheet1!AH84,"") | E80: =IF(ISNUMBER(Sheet1!AI84),Sheet1!AI84,"") | F80: =IFERROR(IF(ISNUMBER(Sheet1!AI84),Sheet1!AI84,0)/Sheet1!AI104*100,0)
A81: 28 | B81: =Sheet1!A85 | C81: =IF(ISNUMBER(Sheet1!B85),Sheet1!B85,"") | D81: =IF(ISNUMBER(Sheet1!AH85),Sheet1!AH85,"") | E81: =IF(ISNUMBER(Sheet1!AI85),Sheet1!AI85,"") | F81: =IFERROR(IF(ISNUMBER(Sheet1!AI85),Sheet1!AI85,0)/Sheet1!AI104*100,0)
A82: 29 | B82: =Sheet1!A86 | C82: =IF(ISNUMBER(Sheet1!B86),Sheet1!B86,"") | D82: =IF(ISNUMBER(Sheet1!AH86),Sheet1!AH86,"") | E82: =IF(ISNUMBER(Sheet1!AI86),Sheet1!AI86,"") | F82: =IFERROR(IF(ISNUMBER(Sheet1!AI86),Sheet1!AI86,0)/Sheet1!AI104*100,0)
A83: 30 | B83: =Sheet1!A87 | C83: =IF(ISNUMBER(Sheet1!B87),Sheet1!B87,"") | D83: =IF(ISNUMBER(Sheet1!AH87),Sheet1!AH87,"") | E83: =IF(ISNUMBER(Sheet1!AI87),Sheet1!AI87,"") | F83: =IFERROR(IF(ISNUMBER(Sheet1!AI87),Sheet1!AI87,0)/Sheet1!AI104*100,0)
A84: 31 | B84: =Sheet1!A88 | C84: =IF(ISNUMBER(Sheet1!B88),Sheet1!B88,"") | D84: =IF(ISNUMBER(Sheet1!AH88),Sheet1!AH88,"") | E84: =IF(ISNUMBER(Sheet1!AI88),Sheet1!AI88,"") | F84: =IFERROR(IF(ISNUMBER(Sheet1!AI88),Sheet1!AI88,0)/Sheet1!AI104*100,0)
A85: 32 | B85: =Sheet1!A89 | C85: =IF(ISNUMBER(Sheet1!B89),Sheet1!B89,"") | D85: =IF(ISNUMBER(Sheet1!AH89),Sheet1!AH89,"") | E85: =IF(ISNUMBER(Sheet1!AI89),Sheet1!AI89,"") | F85: =IFERROR(IF(ISNUMBER(Sheet1!AI89),Sheet1!AI89,0)/Sheet1!AI104*100,0)
A86: 33 | B86: =Sheet1!A90 | C86: =IF(ISNUMBER(Sheet1!B90),Sheet1!B90,"") | D86: =IF(ISNUMBER(Sheet1!AH90),Sheet1!AH90,"") | E86: =IF(ISNUMBER(Sheet1!AI90),Sheet1!AI90,"") | F86: =IFERROR(IF(ISNUMBER(Sheet1!AI90),Sheet1!AI90,0)/Sheet1!AI104*100,0)
A87: 34 | B87: =Sheet1!A91 | C87: =IF(ISNUMBER(Sheet1!B91),Sheet1!B91,"") | D87: =IF(ISNUMBER(Sheet1!AH91),Sheet1!AH91,"") | E87: =IF(ISNUMBER(Sheet1!AI91),Sheet1!AI91,"") | F87: =IFERROR(IF(ISNUMBER(Sheet1!AI91),Sheet1!AI91,0)/Sheet1!AI104*100,0)
A88: 35 | B88: =Sheet1!A92 | C88: =IF(ISNUMBER(Sheet1!B92),Sheet1!B92,"") | D88: =IF(ISNUMBER(Sheet1!AH92),Sheet1!AH92,"") | E88: =IF(ISNUMBER(Sheet1!AI92),Sheet1!AI92,"") | F88: =IFERROR(IF(ISNUMBER(Sheet1!AI92),Sheet1!AI92,0)/Sheet1!AI104*100,0)
A89: 36 | B89: =Sheet1!A93 | C89: =IF(ISNUMBER(Sheet1!B93),Sheet1!B93,"") | D89: =IF(ISNUMBER(Sheet1!AH93),Sheet1!AH93,"") | E89: =IF(ISNUMBER(Sheet1!AI93),Sheet1!AI93,"") | F89: =IFERROR(IF(ISNUMBER(Sheet1!AI93),Sheet1!AI93,0)/Sheet1!AI104*100,0)
A90: 37 | B90: =Sheet1!A94 | C90: =IF(ISNUMBER(Sheet1!B94),Sheet1!B94,"") | D90: =IF(ISNUMBER(Sheet1!AH94),Sheet1!AH94,"") | E90: =IF(ISNUMBER(Sheet1!AI94),Sheet1!AI94,"") | F90: =IFERROR(IF(ISNUMBER(Sheet1!AI94),Sheet1!AI94,0)/Sheet1!AI104*100,0)
A91: 38 | B91: =Sheet1!A95 | C91: =IF(ISNUMBER(Sheet1!B95),Sheet1!B95,"") | D91: =IF(ISNUMBER(Sheet1!AH95),Sheet1!AH95,"") | E91: =IF(ISNUMBER(Sheet1!AI95),Sheet1!AI95,"") | F91: =IFERROR(IF(ISNUMBER(Sheet1!AI95),Sheet1!AI95,0)/Sheet1!AI104*100,0)
A92: 39 | B92: =Sheet1!A96 | C92: =IF(ISNUMBER(Sheet1!B96),Sheet1!B96,"") | D92: =IF(ISNUMBER(Sheet1!AH96),Sheet1!AH96,"") | E92: =IF(ISNUMBER(Sheet1!AI96),Sheet1!AI96,"") | F92: =IFERROR(IF(ISNUMBER(Sheet1!AI96),Sheet1!AI96,0)/Sheet1!AI104*100,0)
A93: 40 | B93: =Sheet1!A97 | C93: =IF(ISNUMBER(Sheet1!B97),Sheet1!B97,"") | D93: =IF(ISNUMBER(Sheet1!AH97),Sheet1!AH97,"") | E93: =IF(ISNUMBER(Sheet1!AI97),Sheet1!AI97,"") | F93: =IFERROR(IF(ISNUMBER(Sheet1!AI97),Sheet1!AI97,0)/Sheet1!AI104*100,0)
A94: 41 | B94: =Sheet1!A98 | C94: =IF(ISNUMBER(Sheet1!B98),Sheet1!B98,"") | D94: =IF(ISNUMBER(Sheet1!AH98),Sheet1!AH98,"") | E94: =IF(ISNUMBER(Sheet1!AI98),Sheet1!AI98,"") | F94: =IFERROR(IF(ISNUMBER(Sheet1!AI98),Sheet1!AI98,0)/Sheet1!AI104*100,0)
A95: 42 | B95: =Sheet1!A99 | C95: =IF(ISNUMBER(Sheet1!B99),Sheet1!B99,"") | D95: =IF(ISNUMBER(Sheet1!AH99),Sheet1!AH99,"") | E95: =IF(ISNUMBER(Sheet1!AI99),Sheet1!AI99,"") | F95: =IFERROR(IF(ISNUMBER(Sheet1!AI99),Sheet1!AI99,0)/Sheet1!AI104*100,0)
A96: 43 | B96: =Sheet1!A100 | C96: =IF(ISNUMBER(Sheet1!B100),Sheet1!B100,"") | D96: =IF(ISNUMBER(Sheet1!AH100),Sheet1!AH100,"") | E96: =IF(ISNUMBER(Sheet1!AI100),Sheet1!AI100,"") | F96: =IFERROR(IF(ISNUMBER(Sheet1!AI100),Sheet1!AI100,0)/Sheet1!AI104*100,0)
A97: 44 | B97: =Sheet1!A101 | C97: =IF(ISNUMBER(Sheet1!B101),Sheet1!B101,"") | D97: =IF(ISNUMBER(Sheet1!AH101),Sheet1!AH101,"") | E97: =IF(ISNUMBER(Sheet1!AI101),Sheet1!AI101,"") | F97: =IFERROR(IF(ISNUMBER(Sheet1!AI101),Sheet1!AI101,0)/Sheet1!AI104*100,0)
B98: SECTION TOTAL | E98: =Sheet1!AI104 | F98: 100.0%
A100: DISPOSAL (Packaging & Consumables)
A101: # | B101: ITEM NAME | C101: RATE / KG (Rs.) | D101: TOTAL QTY (KG/Unit) | E101: TOTAL AMOUNT (Rs.) | F101: % SHARE
A102: 1 | B102: =Sheet1!A109 | C102: =IF(ISNUMBER(Sheet1!B109),Sheet1!B109,"") | D102: =IF(ISNUMBER(Sheet1!AH109),Sheet1!AH109,"") | E102: =IF(ISNUMBER(Sheet1!AI109),Sheet1!AI109,"") | F102: =IFERROR(IF(ISNUMBER(Sheet1!AI109),Sheet1!AI109,0)/Sheet1!AI136*100,0)
A103: 2 | B103: =Sheet1!A110 | C103: =IF(ISNUMBER(Sheet1!B110),Sheet1!B110,"") | D103: =IF(ISNUMBER(Sheet1!AH110),Sheet1!AH110,"") | E103: =IF(ISNUMBER(Sheet1!AI110),Sheet1!AI110,"") | F103: =IFERROR(IF(ISNUMBER(Sheet1!AI110),Sheet1!AI110,0)/Sheet1!AI136*100,0)
A104: 3 | B104: =Sheet1!A111 | C104: =IF(ISNUMBER(Sheet1!B111),Sheet1!B111,"") | D104: =IF(ISNUMBER(Sheet1!AH111),Sheet1!AH111,"") | E104: =IF(ISNUMBER(Sheet1!AI111),Sheet1!AI111,"") | F104: =IFERROR(IF(ISNUMBER(Sheet1!AI111),Sheet1!AI111,0)/Sheet1!AI136*100,0)
A105: 4 | B105: =Sheet1!A112 | C105: =IF(ISNUMBER(Sheet1!B112),Sheet1!B112,"") | D105: =IF(ISNUMBER(Sheet1!AH112),Sheet1!AH112,"") | E105: =IF(ISNUMBER(Sheet1!AI112),Sheet1!AI112,"") | F105: =IFERROR(IF(ISNUMBER(Sheet1!AI112),Sheet1!AI112,0)/Sheet1!AI136*100,0)
A106: 5 | B106: =Sheet1!A113 | C106: =IF(ISNUMBER(Sheet1!B113),Sheet1!B113,"") | D106: =IF(ISNUMBER(Sheet1!AH113),Sheet1!AH113,"") | E106: =IF(ISNUMBER(Sheet1!AI113),Sheet1!AI113,"") | F106: =IFERROR(IF(ISNUMBER(Sheet1!AI113),Sheet1!AI113,0)/Sheet1!AI136*100,0)
...

Sheet Sheet3
